fact,outcome,expected,found,statement,line,url,snapshot_id,scale
accounts_receivable@FY2021,matched,39304000000.0,39304000000.0,CONSOLIDATED BALANCE SHEETS - USD ($) $ in Millions,"Accounts receivable, net",https://www.sec.gov/Archives/edgar/data/1652044/000165204423000016/R3.htm,da4256b3303c585e,1000000.0
accounts_receivable@FY2022,matched,40258000000.0,40258000000.0,CONSOLIDATED BALANCE SHEETS - USD ($) $ in Millions,"Accounts receivable, net",https://www.sec.gov/Archives/edgar/data/1652044/000165204424000022/R3.htm,8fd05f600ea1912a,1000000.0
accounts_receivable@FY2023,matched,47964000000.0,47964000000.0,CONSOLIDATED BALANCE SHEETS - USD ($) $ in Millions,"Accounts receivable, net",https://www.sec.gov/Archives/edgar/data/1652044/000165204425000014/R3.htm,28f1932883235eb7,1000000.0
accounts_receivable@FY2024,matched,52340000000.0,52340000000.0,CONSOLIDATED BALANCE SHEETS - USD ($) $ in Millions,"Accounts receivable, net",https://www.sec.gov/Archives/edgar/data/1652044/000165204426000018/R3.htm,b781ceed3ccadc6b,1000000.0
accounts_receivable@FY2025,matched,62886000000.0,62886000000.0,CONSOLIDATED BALANCE SHEETS - USD ($) $ in Millions,"Accounts receivable, net",https://www.sec.gov/Archives/edgar/data/1652044/000165204426000018/R3.htm,b781ceed3ccadc6b,1000000.0
assets@FY2021,matched,359268000000.0,359268000000.0,CONSOLIDATED BALANCE SHEETS - USD ($) $ in Millions,Total assets,https://www.sec.gov/Archives/edgar/data/1652044/000165204423000016/R3.htm,da4256b3303c585e,1000000.0
assets@FY2022,matched,365264000000.0,365264000000.0,CONSOLIDATED BALANCE SHEETS - USD ($) $ in Millions,Total assets,https://www.sec.gov/Archives/edgar/data/1652044/000165204424000022/R3.htm,8fd05f600ea1912a,1000000.0
assets@FY2023,matched,402392000000.0,402392000000.0,CONSOLIDATED BALANCE SHEETS - USD ($) $ in Millions,Total assets,https://www.sec.gov/Archives/edgar/data/1652044/000165204425000014/R3.htm,28f1932883235eb7,1000000.0
assets@FY2024,matched,450256000000.0,450256000000.0,CONSOLIDATED BALANCE SHEETS - USD ($) $ in Millions,Total assets,https://www.sec.gov/Archives/edgar/data/1652044/000165204426000018/R3.htm,b781ceed3ccadc6b,1000000.0
assets@FY2025,matched,595281000000.0,595281000000.0,CONSOLIDATED BALANCE SHEETS - USD ($) $ in Millions,Total assets,https://www.sec.gov/Archives/edgar/data/1652044/000165204426000018/R3.htm,b781ceed3ccadc6b,1000000.0
buybacks@FY2021,matched-negated,50274000000.0,-50274000000.0,CONSOLIDATED STATEMENTS OF CASH FLOWS - USD ($) $ in Millions,Repurchases of stock,https://www.sec.gov/Archives/edgar/data/1652044/000165204424000022/R9.htm,76dc04e03cef3236,1000000.0
buybacks@FY2022,matched-negated,59296000000.0,-59296000000.0,CONSOLIDATED STATEMENTS OF CASH FLOWS - USD ($) $ in Millions,Repurchases of stock,https://www.sec.gov/Archives/edgar/data/1652044/000165204425000014/R9.htm,b8406f9d30cddb1e,1000000.0
buybacks@FY2023,matched-negated,61504000000.0,-61504000000.0,CONSOLIDATED STATEMENTS OF CASH FLOWS - USD ($) $ in Millions,Repurchases of stock,https://www.sec.gov/Archives/edgar/data/1652044/000165204426000018/R10.htm,87ebac1b79309c4b,1000000.0
buybacks@FY2024,matched-negated,62222000000.0,-62222000000.0,CONSOLIDATED STATEMENTS OF CASH FLOWS - USD ($) $ in Millions,Repurchases of stock,https://www.sec.gov/Archives/edgar/data/1652044/000165204426000018/R10.htm,87ebac1b79309c4b,1000000.0
buybacks@FY2025,matched-negated,45709000000.0,-45709000000.0,CONSOLIDATED STATEMENTS OF CASH FLOWS - USD ($) $ in Millions,Repurchases of stock,https://www.sec.gov/Archives/edgar/data/1652044/000165204426000018/R10.htm,87ebac1b79309c4b,1000000.0
capex@FY2021,matched-negated,24640000000.0,-24640000000.0,CONSOLIDATED STATEMENTS OF CASH FLOWS - USD ($) $ in Millions,Purchases of property and equipment,https://www.sec.gov/Archives/edgar/data/1652044/000165204424000022/R9.htm,76dc04e03cef3236,1000000.0
capex@FY2022,matched-negated,31485000000.0,-31485000000.0,CONSOLIDATED STATEMENTS OF CASH FLOWS - USD ($) $ in Millions,Purchases of property and equipment,https://www.sec.gov/Archives/edgar/data/1652044/000165204425000014/R9.htm,b8406f9d30cddb1e,1000000.0
capex@FY2023,matched-negated,32251000000.0,-32251000000.0,CONSOLIDATED STATEMENTS OF CASH FLOWS - USD ($) $ in Millions,Purchases of property and equipment,https://www.sec.gov/Archives/edgar/data/1652044/000165204426000018/R10.htm,87ebac1b79309c4b,1000000.0
capex@FY2024,matched-negated,52535000000.0,-52535000000.0,CONSOLIDATED STATEMENTS OF CASH FLOWS - USD ($) $ in Millions,Purchases of property and equipment,https://www.sec.gov/Archives/edgar/data/1652044/000165204426000018/R10.htm,87ebac1b79309c4b,1000000.0
capex@FY2025,matched-negated,91447000000.0,-91447000000.0,CONSOLIDATED STATEMENTS OF CASH FLOWS - USD ($) $ in Millions,Purchases of property and equipment,https://www.sec.gov/Archives/edgar/data/1652044/000165204426000018/R10.htm,87ebac1b79309c4b,1000000.0
cash@FY2021,matched,20945000000.0,20945000000.0,CONSOLIDATED BALANCE SHEETS - USD ($) $ in Millions,Cash and cash equivalents,https://www.sec.gov/Archives/edgar/data/1652044/000165204423000016/R3.htm,da4256b3303c585e,1000000.0
cash@FY2022,matched,21879000000.0,21879000000.0,CONSOLIDATED BALANCE SHEETS - USD ($) $ in Millions,Cash and cash equivalents,https://www.sec.gov/Archives/edgar/data/1652044/000165204424000022/R3.htm,8fd05f600ea1912a,1000000.0
cash@FY2023,matched,24048000000.0,24048000000.0,CONSOLIDATED BALANCE SHEETS - USD ($) $ in Millions,Cash and cash equivalents,https://www.sec.gov/Archives/edgar/data/1652044/000165204425000014/R3.htm,28f1932883235eb7,1000000.0
cash@FY2024,matched,23466000000.0,23466000000.0,CONSOLIDATED BALANCE SHEETS - USD ($) $ in Millions,Cash and cash equivalents,https://www.sec.gov/Archives/edgar/data/1652044/000165204426000018/R3.htm,b781ceed3ccadc6b,1000000.0
cash@FY2025,matched,30708000000.0,30708000000.0,CONSOLIDATED BALANCE SHEETS - USD ($) $ in Millions,Cash and cash equivalents,https://www.sec.gov/Archives/edgar/data/1652044/000165204426000018/R3.htm,b781ceed3ccadc6b,1000000.0
cash_taxes@FY2021,matched,13412000000.0,13412000000.0,CONSOLIDATED STATEMENTS OF CASH FLOWS - USD ($) $ in Millions,"Cash paid for income taxes, net of refunds",https://www.sec.gov/Archives/edgar/data/1652044/000165204424000022/R9.htm,76dc04e03cef3236,1000000.0
cash_taxes@FY2022,matched,18892000000.0,18892000000.0,CONSOLIDATED STATEMENTS OF CASH FLOWS - USD ($) $ in Millions,"Cash paid for income taxes, net of refunds",https://www.sec.gov/Archives/edgar/data/1652044/000165204424000022/R9.htm,76dc04e03cef3236,1000000.0
cash_taxes@FY2023,matched,19164000000.0,19164000000.0,CONSOLIDATED STATEMENTS OF CASH FLOWS - USD ($) $ in Millions,"Cash paid for income taxes, net of refunds",https://www.sec.gov/Archives/edgar/data/1652044/000165204424000022/R9.htm,76dc04e03cef3236,1000000.0
cash_taxes@FY2024,matched-in-notes,27353000000.0,27353000000.0,Income Taxes - Cash Paid for Income Taxes (Details) - USD ($) $ in Millions,"Total cash paid for income taxes, net of refunds",https://www.sec.gov/Archives/edgar/data/1652044/000165204426000018/R88.htm,d3168cc46e17cbf1,1000000.0
cash_taxes@FY2025,matched-in-notes,21526000000.0,21526000000.0,Income Taxes - Cash Paid for Income Taxes (Details) - USD ($) $ in Millions,"Total cash paid for income taxes, net of refunds",https://www.sec.gov/Archives/edgar/data/1652044/000165204426000018/R88.htm,d3168cc46e17cbf1,1000000.0
cfo@FY2021,matched,91652000000.0,91652000000.0,CONSOLIDATED STATEMENTS OF CASH FLOWS - USD ($) $ in Millions,Net cash provided by operating activities,https://www.sec.gov/Archives/edgar/data/1652044/000165204424000022/R9.htm,76dc04e03cef3236,1000000.0
cfo@FY2022,matched,91495000000.0,91495000000.0,CONSOLIDATED STATEMENTS OF CASH FLOWS - USD ($) $ in Millions,Net cash provided by operating activities,https://www.sec.gov/Archives/edgar/data/1652044/000165204425000014/R9.htm,b8406f9d30cddb1e,1000000.0
cfo@FY2023,matched,101746000000.0,101746000000.0,CONSOLIDATED STATEMENTS OF CASH FLOWS - USD ($) $ in Millions,Net cash provided by operating activities,https://www.sec.gov/Archives/edgar/data/1652044/000165204426000018/R10.htm,87ebac1b79309c4b,1000000.0
cfo@FY2024,matched,125299000000.0,125299000000.0,CONSOLIDATED STATEMENTS OF CASH FLOWS - USD ($) $ in Millions,Net cash provided by operating activities,https://www.sec.gov/Archives/edgar/data/1652044/000165204426000018/R10.htm,87ebac1b79309c4b,1000000.0
cfo@FY2025,matched,164713000000.0,164713000000.0,CONSOLIDATED STATEMENTS OF CASH FLOWS - USD ($) $ in Millions,Net cash provided by operating activities,https://www.sec.gov/Archives/edgar/data/1652044/000165204426000018/R10.htm,87ebac1b79309c4b,1000000.0
commercial_paper@FY2021,matched-in-notes,0.0,0.0,Debt - Narrative (Details) - USD ($),Commercial paper outstanding,https://www.sec.gov/Archives/edgar/data/1652044/000165204423000016/R61.htm,3bbbc41b3265cbc7,1.0
commercial_paper@FY2022,matched-in-notes,0.0,0.0,Debt - Narrative (Details) - USD ($),Commercial paper outstanding,https://www.sec.gov/Archives/edgar/data/1652044/000165204424000022/R63.htm,528500489706e19d,1.0
commercial_paper@FY2023,matched-in-notes,0.0,0.0,Debt - Narrative (Details) - USD ($),Commercial paper outstanding,https://www.sec.gov/Archives/edgar/data/1652044/000165204425000014/R66.htm,d8f8a5cc9907995b,1.0
commercial_paper@FY2024,matched-in-text,2300000000.0,2300000000.0,filing text,"m Debt We have a commercial paper program of up to $ 25.0 billion, which is used for general corporate purposes. We had $ 2.3 billion of commercial paper",https://www.sec.gov/Archives/edgar/data/1652044/000165204426000018/goog-20251231.htm,,
commercial_paper@FY2025,matched-in-text,0.0,0.0,filing text,no commercial paper outstanding,https://www.sec.gov/Archives/edgar/data/1652044/000165204426000018/goog-20251231.htm,,
cost_of_revenue@FY2021,matched,110939000000.0,110939000000.0,CONSOLIDATED STATEMENTS OF INCOME - USD ($) $ in Millions,Cost of revenues,https://www.sec.gov/Archives/edgar/data/1652044/000165204424000022/R5.htm,bc4fd4a08d3cb7c6,1000000.0
cost_of_revenue@FY2022,matched,126203000000.0,126203000000.0,CONSOLIDATED STATEMENTS OF INCOME - USD ($) $ in Millions,Cost of revenues,https://www.sec.gov/Archives/edgar/data/1652044/000165204425000014/R5.htm,2ca608fce234eb08,1000000.0
cost_of_revenue@FY2023,matched,133332000000.0,133332000000.0,CONSOLIDATED STATEMENTS OF INCOME - USD ($) $ in Millions,Cost of revenues,https://www.sec.gov/Archives/edgar/data/1652044/000165204426000018/R5.htm,cec422360f77a95d,1000000.0
cost_of_revenue@FY2024,matched,146306000000.0,146306000000.0,CONSOLIDATED STATEMENTS OF INCOME - USD ($) $ in Millions,Cost of revenues,https://www.sec.gov/Archives/edgar/data/1652044/000165204426000018/R5.htm,cec422360f77a95d,1000000.0
cost_of_revenue@FY2025,matched,162535000000.0,162535000000.0,CONSOLIDATED STATEMENTS OF INCOME - USD ($) $ in Millions,Cost of revenues,https://www.sec.gov/Archives/edgar/data/1652044/000165204426000018/R5.htm,cec422360f77a95d,1000000.0
debt_and_finance_lease_noncurrent@FY2021,matched,14817000000.0,14817000000.0,CONSOLIDATED BALANCE SHEETS - USD ($) $ in Millions,Long-term debt,https://www.sec.gov/Archives/edgar/data/1652044/000165204423000016/R3.htm,da4256b3303c585e,1000000.0
debt_and_finance_lease_noncurrent@FY2022,matched,14701000000.0,14701000000.0,CONSOLIDATED BALANCE SHEETS - USD ($) $ in Millions,Long-term debt,https://www.sec.gov/Archives/edgar/data/1652044/000165204424000022/R3.htm,8fd05f600ea1912a,1000000.0
debt_and_finance_lease_noncurrent@FY2023,matched,11870000000.0,11870000000.0,CONSOLIDATED BALANCE SHEETS - USD ($) $ in Millions,Long-term debt,https://www.sec.gov/Archives/edgar/data/1652044/000165204425000014/R3.htm,28f1932883235eb7,1000000.0
debt_and_finance_lease_noncurrent@FY2024,matched,10883000000.0,10883000000.0,CONSOLIDATED BALANCE SHEETS - USD ($) $ in Millions,Long-term debt,https://www.sec.gov/Archives/edgar/data/1652044/000165204425000014/R3.htm,28f1932883235eb7,1000000.0
debt_and_finance_lease_noncurrent@FY2025,not-checked,,,,,,,
debt_lt_current@FY2021,matched-in-notes,0.0,0.0,Debt (Long-Term Debt) (Details) - USD ($) $ in Millions,Less: Current portion of Notes,https://www.sec.gov/Archives/edgar/data/1652044/000165204422000019/R59.htm,6dd5fe975f332f0f,1000000.0
debt_lt_current@FY2022,matched-in-notes,0.0,0.0,Debt - Long-Term Debt (Details) - USD ($) $ in Millions,Less: Current portion of long-term notes,https://www.sec.gov/Archives/edgar/data/1652044/000165204424000022/R64.htm,6e1235e4197fe0f7,1000000.0
debt_lt_current@FY2023,matched-in-notes,1000000000.0,-1000000000.0,Debt - Long-Term Debt (Details) - USD ($) $ in Millions,Less: Current portion of long-term notes,https://www.sec.gov/Archives/edgar/data/1652044/000165204425000014/R67.htm,db83f8c703cfc4a2,1000000.0
debt_lt_current@FY2024,matched-in-notes,999000000.0,-999000000.0,Debt - Long-Term Debt (Details) - USD ($) $ in Millions,Less: Current portion of long-term notes,https://www.sec.gov/Archives/edgar/data/1652044/000165204426000018/R67.htm,0bbcfd4487dd0a4c,1000000.0
debt_lt_current@FY2025,matched-in-text,1996000000.0,1996000000.0,filing text,"Unamortized discount and debt issuance costs (2) ( 118 ) ( 542 ) Less: current portion of long-term notes (3) ( 999 ) ( 1,996 ) Total long-term d",https://www.sec.gov/Archives/edgar/data/1652044/000165204426000018/goog-20251231.htm,,
debt_lt_noncurrent@FY2021,not-checked,,,,,,,
debt_lt_noncurrent@FY2022,not-checked,,,,,,,
debt_lt_noncurrent@FY2023,matched-in-notes,11870000000.0,11870000000.0,Debt - Long-Term Debt (Details) - USD ($) $ in Millions,Total long-term debt,https://www.sec.gov/Archives/edgar/data/1652044/000165204425000014/R67.htm,db83f8c703cfc4a2,1000000.0
debt_lt_noncurrent@FY2024,matched,10883000000.0,10883000000.0,CONSOLIDATED BALANCE SHEETS - USD ($) $ in Millions,Long-term debt,https://www.sec.gov/Archives/edgar/data/1652044/000165204426000018/R3.htm,b781ceed3ccadc6b,1000000.0
debt_lt_noncurrent@FY2025,matched,46547000000.0,46547000000.0,CONSOLIDATED BALANCE SHEETS - USD ($) $ in Millions,Long-term debt,https://www.sec.gov/Archives/edgar/data/1652044/000165204426000018/R3.htm,b781ceed3ccadc6b,1000000.0
dividends@FY2021,not-checked,0.0,,,,,,
dividends@FY2022,matched,0.0,0.0,CONSOLIDATED STATEMENTS OF CASH FLOWS - USD ($) $ in Millions,Dividend payments,https://www.sec.gov/Archives/edgar/data/1652044/000165204425000014/R9.htm,b8406f9d30cddb1e,1000000.0
dividends@FY2023,matched,0.0,0.0,CONSOLIDATED STATEMENTS OF CASH FLOWS - USD ($) $ in Millions,Dividend payments,https://www.sec.gov/Archives/edgar/data/1652044/000165204426000018/R10.htm,87ebac1b79309c4b,1000000.0
dividends@FY2024,matched-negated,7363000000.0,-7363000000.0,CONSOLIDATED STATEMENTS OF CASH FLOWS - USD ($) $ in Millions,Dividend payments,https://www.sec.gov/Archives/edgar/data/1652044/000165204426000018/R10.htm,87ebac1b79309c4b,1000000.0
dividends@FY2025,matched-negated,10049000000.0,-10049000000.0,CONSOLIDATED STATEMENTS OF CASH FLOWS - USD ($) $ in Millions,Dividend payments,https://www.sec.gov/Archives/edgar/data/1652044/000165204426000018/R10.htm,87ebac1b79309c4b,1000000.0
dna@FY2021,matched,10273000000.0,10273000000.0,CONSOLIDATED STATEMENTS OF CASH FLOWS - USD ($) $ in Millions,Depreciation of property and equipment,https://www.sec.gov/Archives/edgar/data/1652044/000165204424000022/R9.htm,76dc04e03cef3236,1000000.0
dna@FY2022,matched,13475000000.0,13475000000.0,CONSOLIDATED STATEMENTS OF CASH FLOWS - USD ($) $ in Millions,Depreciation of property and equipment,https://www.sec.gov/Archives/edgar/data/1652044/000165204425000014/R9.htm,b8406f9d30cddb1e,1000000.0
dna@FY2023,matched,11946000000.0,11946000000.0,CONSOLIDATED STATEMENTS OF CASH FLOWS - USD ($) $ in Millions,Depreciation of property and equipment,https://www.sec.gov/Archives/edgar/data/1652044/000165204426000018/R10.htm,87ebac1b79309c4b,1000000.0
dna@FY2024,matched,15311000000.0,15311000000.0,CONSOLIDATED STATEMENTS OF CASH FLOWS - USD ($) $ in Millions,Depreciation of property and equipment,https://www.sec.gov/Archives/edgar/data/1652044/000165204426000018/R10.htm,87ebac1b79309c4b,1000000.0
dna@FY2025,matched,21136000000.0,21136000000.0,CONSOLIDATED STATEMENTS OF CASH FLOWS - USD ($) $ in Millions,Depreciation of property and equipment,https://www.sec.gov/Archives/edgar/data/1652044/000165204426000018/R10.htm,87ebac1b79309c4b,1000000.0
eps_basic@FY2021,matched,5.69,5.69,CONSOLIDATED STATEMENTS OF INCOME - USD ($) $ in Millions,"Basic net income per share of Class A, Class B, and Class C stock (in dollars per share)",https://www.sec.gov/Archives/edgar/data/1652044/000165204424000022/R5.htm,bc4fd4a08d3cb7c6,1.0
eps_basic@FY2022,matched,4.59,4.59,CONSOLIDATED STATEMENTS OF INCOME - USD ($) $ in Millions,Basic net income per share (in dollars per share),https://www.sec.gov/Archives/edgar/data/1652044/000165204425000014/R5.htm,2ca608fce234eb08,1.0
eps_basic@FY2023,matched,5.84,5.84,CONSOLIDATED STATEMENTS OF INCOME - USD ($) $ in Millions,Basic net income per share (in dollars per share),https://www.sec.gov/Archives/edgar/data/1652044/000165204426000018/R5.htm,cec422360f77a95d,1.0
eps_basic@FY2024,matched,8.13,8.13,CONSOLIDATED STATEMENTS OF INCOME - USD ($) $ in Millions,Basic net income per share (in dollars per share),https://www.sec.gov/Archives/edgar/data/1652044/000165204426000018/R5.htm,cec422360f77a95d,1.0
eps_basic@FY2025,matched,10.91,10.91,CONSOLIDATED STATEMENTS OF INCOME - USD ($) $ in Millions,Basic net income per share (in dollars per share),https://www.sec.gov/Archives/edgar/data/1652044/000165204426000018/R5.htm,cec422360f77a95d,1.0
eps_diluted@FY2021,matched,5.61,5.61,CONSOLIDATED STATEMENTS OF INCOME - USD ($) $ in Millions,"Diluted net income per share of Class A, Class B, and Class C stock (in dollars per share)",https://www.sec.gov/Archives/edgar/data/1652044/000165204424000022/R5.htm,bc4fd4a08d3cb7c6,1.0
eps_diluted@FY2022,matched,4.56,4.56,CONSOLIDATED STATEMENTS OF INCOME - USD ($) $ in Millions,Diluted net income per share (in dollars per share),https://www.sec.gov/Archives/edgar/data/1652044/000165204425000014/R5.htm,2ca608fce234eb08,1.0
eps_diluted@FY2023,matched,5.8,5.8,CONSOLIDATED STATEMENTS OF INCOME - USD ($) $ in Millions,Diluted net income per share (in dollars per share),https://www.sec.gov/Archives/edgar/data/1652044/000165204426000018/R5.htm,cec422360f77a95d,1.0
eps_diluted@FY2024,matched,8.04,8.04,CONSOLIDATED STATEMENTS OF INCOME - USD ($) $ in Millions,Diluted net income per share (in dollars per share),https://www.sec.gov/Archives/edgar/data/1652044/000165204426000018/R5.htm,cec422360f77a95d,1.0
eps_diluted@FY2025,matched,10.81,10.81,CONSOLIDATED STATEMENTS OF INCOME - USD ($) $ in Millions,Diluted net income per share (in dollars per share),https://www.sec.gov/Archives/edgar/data/1652044/000165204426000018/R5.htm,cec422360f77a95d,1.0
equity@FY2021,matched,251635000000.0,251635000000.0,CONSOLIDATED BALANCE SHEETS - USD ($) $ in Millions,Total stockholders’ equity,https://www.sec.gov/Archives/edgar/data/1652044/000165204422000019/R3.htm,9db8128a48cde942,1000000.0
equity@FY2022,matched,256144000000.0,256144000000.0,CONSOLIDATED BALANCE SHEETS - USD ($) $ in Millions,Total stockholders’ equity,https://www.sec.gov/Archives/edgar/data/1652044/000165204423000016/R3.htm,da4256b3303c585e,1000000.0
equity@FY2023,matched,283379000000.0,283379000000.0,CONSOLIDATED BALANCE SHEETS - USD ($) $ in Millions,Total stockholders’ equity,https://www.sec.gov/Archives/edgar/data/1652044/000165204424000022/R3.htm,8fd05f600ea1912a,1000000.0
equity@FY2024,matched,325084000000.0,325084000000.0,CONSOLIDATED BALANCE SHEETS - USD ($) $ in Millions,Total stockholders’ equity,https://www.sec.gov/Archives/edgar/data/1652044/000165204426000018/R3.htm,b781ceed3ccadc6b,1000000.0
equity@FY2025,matched,415265000000.0,415265000000.0,CONSOLIDATED BALANCE SHEETS - USD ($) $ in Millions,Total stockholders’ equity,https://www.sec.gov/Archives/edgar/data/1652044/000165204426000018/R3.htm,b781ceed3ccadc6b,1000000.0
equity_securities_gain@FY2021,matched-in-notes,12380000000.0,12380000000.0,Financial Instruments - Gains and Losses on Equity Securities (Details) - USD ($) $ in Millions,"Total gain (loss) on equity securities in other income (expense), net",https://www.sec.gov/Archives/edgar/data/1652044/000165204424000022/R50.htm,a83b785ae0958fd9,1000000.0
equity_securities_gain@FY2022,matched-in-notes,-3455000000.0,-3455000000.0,Financial Instruments - Gains and Losses on Marketable and Non-Marketable Equity Securities (Details) - USD ($) $ in Millions,"Total gain (loss) on equity securities in other income (expense), net",https://www.sec.gov/Archives/edgar/data/1652044/000165204425000014/R54.htm,1f3ecb7860a821a0,1000000.0
equity_securities_gain@FY2023,matched-in-notes,392000000.0,392000000.0,Financial Instruments - Gains and Losses on Marketable and Non-Marketable Equity Securities (Details) - USD ($) $ in Millions,"Total gain (loss) on equity securities in other income (expense), net",https://www.sec.gov/Archives/edgar/data/1652044/000165204426000018/R54.htm,1ba68f13a58987a9,1000000.0
equity_securities_gain@FY2024,matched-in-notes,3714000000.0,3714000000.0,Financial Instruments - Gains and Losses on Marketable and Non-Marketable Equity Securities (Details) - USD ($) $ in Millions,"Total gain (loss) on equity securities in other income (expense), net",https://www.sec.gov/Archives/edgar/data/1652044/000165204426000018/R54.htm,1ba68f13a58987a9,1000000.0
equity_securities_gain@FY2025,matched-in-notes,24080000000.0,24080000000.0,Financial Instruments - Gains and Losses on Marketable and Non-Marketable Equity Securities (Details) - USD ($) $ in Millions,"Total gain (loss) on equity securities in other income (expense), net",https://www.sec.gov/Archives/edgar/data/1652044/000165204426000018/R54.htm,1ba68f13a58987a9,1000000.0
finance_lease_liability@FY2021,matched-in-notes,2086000000.0,2086000000.0,Debt - Long-Term Debt (Details) - USD ($) $ in Millions,"Future finance lease payments, net and other",https://www.sec.gov/Archives/edgar/data/1652044/000165204423000016/R62.htm,e5efe91dea2510c2,1000000.0
finance_lease_liability@FY2022,matched-in-notes,2142000000.0,2142000000.0,Debt - Long-Term Debt (Details) - USD ($) $ in Millions,"Future finance lease payments, net and other",https://www.sec.gov/Archives/edgar/data/1652044/000165204424000022/R64.htm,6e1235e4197fe0f7,1000000.0
finance_lease_liability@FY2023,matched-in-notes,1666000000.0,1666000000.0,Leases - Supplemental Balance Sheet Information (Details) - USD ($) $ in Millions,Total finance lease liabilities,https://www.sec.gov/Archives/edgar/data/1652044/000165204425000014/R61.htm,843eba7d4c67c7d3,1000000.0
finance_lease_liability@FY2024,matched-in-notes,1677000000.0,1677000000.0,Leases - Supplemental Balance Sheet Information (Details) - USD ($) $ in Millions,Total finance lease liabilities,https://www.sec.gov/Archives/edgar/data/1652044/000165204426000018/R61.htm,a1a4063a431b7a3a,1000000.0
finance_lease_liability@FY2025,matched-in-notes,2500000000.0,2500000000.0,Leases - Supplemental Balance Sheet Information (Details) - USD ($) $ in Millions,Total finance lease liabilities,https://www.sec.gov/Archives/edgar/data/1652044/000165204426000018/R61.htm,a1a4063a431b7a3a,1000000.0
finance_lease_liability_current@FY2021,matched-in-notes,113000000.0,-113000000.0,Debt - Long-Term Debt (Details) - USD ($) $ in Millions,"Less: Current portion future finance lease payments, net and other current debt",https://www.sec.gov/Archives/edgar/data/1652044/000165204423000016/R62.htm,e5efe91dea2510c2,1000000.0
finance_lease_liability_current@FY2022,matched-in-notes,298000000.0,-298000000.0,Debt - Long-Term Debt (Details) - USD ($) $ in Millions,"Less: Current portion future finance lease payments, net and other current debt",https://www.sec.gov/Archives/edgar/data/1652044/000165204424000022/R64.htm,6e1235e4197fe0f7,1000000.0
finance_lease_liability_current@FY2023,matched-in-notes,283000000.0,283000000.0,Leases - Supplemental Balance Sheet Information (Details) - USD ($) $ in Millions,Accrued expenses and other liabilities,https://www.sec.gov/Archives/edgar/data/1652044/000165204425000014/R61.htm,843eba7d4c67c7d3,1000000.0
finance_lease_liability_current@FY2024,matched-in-notes,235000000.0,235000000.0,Leases - Supplemental Balance Sheet Information (Details) - USD ($) $ in Millions,Accrued expenses and other liabilities,https://www.sec.gov/Archives/edgar/data/1652044/000165204426000018/R61.htm,a1a4063a431b7a3a,1000000.0
finance_lease_liability_current@FY2025,matched-in-notes,441000000.0,441000000.0,Leases - Supplemental Balance Sheet Information (Details) - USD ($) $ in Millions,Accrued expenses and other liabilities,https://www.sec.gov/Archives/edgar/data/1652044/000165204426000018/R61.htm,a1a4063a431b7a3a,1000000.0
gross_profit@FY2021,not-checked,,,,,,,
gross_profit@FY2022,not-checked,,,,,,,
gross_profit@FY2023,not-checked,,,,,,,
gross_profit@FY2024,not-checked,,,,,,,
gross_profit@FY2025,not-checked,,,,,,,
income_tax@FY2021,matched,14701000000.0,14701000000.0,CONSOLIDATED STATEMENTS OF INCOME - USD ($) $ in Millions,Provision for income taxes,https://www.sec.gov/Archives/edgar/data/1652044/000165204424000022/R5.htm,bc4fd4a08d3cb7c6,1000000.0
income_tax@FY2022,matched,11356000000.0,11356000000.0,CONSOLIDATED STATEMENTS OF INCOME - USD ($) $ in Millions,Provision for income taxes,https://www.sec.gov/Archives/edgar/data/1652044/000165204425000014/R5.htm,2ca608fce234eb08,1000000.0
income_tax@FY2023,matched,11922000000.0,11922000000.0,CONSOLIDATED STATEMENTS OF INCOME - USD ($) $ in Millions,Provision for income taxes,https://www.sec.gov/Archives/edgar/data/1652044/000165204426000018/R5.htm,cec422360f77a95d,1000000.0
income_tax@FY2024,matched,19697000000.0,19697000000.0,CONSOLIDATED STATEMENTS OF INCOME - USD ($) $ in Millions,Provision for income taxes,https://www.sec.gov/Archives/edgar/data/1652044/000165204426000018/R5.htm,cec422360f77a95d,1000000.0
income_tax@FY2025,matched,26656000000.0,26656000000.0,CONSOLIDATED STATEMENTS OF INCOME - USD ($) $ in Millions,Provision for income taxes,https://www.sec.gov/Archives/edgar/data/1652044/000165204426000018/R5.htm,cec422360f77a95d,1000000.0
liabilities@FY2021,matched,107633000000.0,107633000000.0,CONSOLIDATED BALANCE SHEETS - USD ($) $ in Millions,Total liabilities,https://www.sec.gov/Archives/edgar/data/1652044/000165204423000016/R3.htm,da4256b3303c585e,1000000.0
liabilities@FY2022,matched,109120000000.0,109120000000.0,CONSOLIDATED BALANCE SHEETS - USD ($) $ in Millions,Total liabilities,https://www.sec.gov/Archives/edgar/data/1652044/000165204424000022/R3.htm,8fd05f600ea1912a,1000000.0
liabilities@FY2023,matched,119013000000.0,119013000000.0,CONSOLIDATED BALANCE SHEETS - USD ($) $ in Millions,Total liabilities,https://www.sec.gov/Archives/edgar/data/1652044/000165204425000014/R3.htm,28f1932883235eb7,1000000.0
liabilities@FY2024,matched,125172000000.0,125172000000.0,CONSOLIDATED BALANCE SHEETS - USD ($) $ in Millions,Total liabilities,https://www.sec.gov/Archives/edgar/data/1652044/000165204426000018/R3.htm,b781ceed3ccadc6b,1000000.0
liabilities@FY2025,matched,180016000000.0,180016000000.0,CONSOLIDATED BALANCE SHEETS - USD ($) $ in Millions,Total liabilities,https://www.sec.gov/Archives/edgar/data/1652044/000165204426000018/R3.htm,b781ceed3ccadc6b,1000000.0
net_income@FY2021,matched,76033000000.0,76033000000.0,CONSOLIDATED STATEMENTS OF INCOME - USD ($) $ in Millions,Net income,https://www.sec.gov/Archives/edgar/data/1652044/000165204424000022/R5.htm,bc4fd4a08d3cb7c6,1000000.0
net_income@FY2022,matched,59972000000.0,59972000000.0,CONSOLIDATED STATEMENTS OF INCOME - USD ($) $ in Millions,Net income,https://www.sec.gov/Archives/edgar/data/1652044/000165204425000014/R5.htm,2ca608fce234eb08,1000000.0
net_income@FY2023,matched,73795000000.0,73795000000.0,CONSOLIDATED STATEMENTS OF INCOME - USD ($) $ in Millions,Net income,https://www.sec.gov/Archives/edgar/data/1652044/000165204426000018/R5.htm,cec422360f77a95d,1000000.0
net_income@FY2024,matched,100118000000.0,100118000000.0,CONSOLIDATED STATEMENTS OF INCOME - USD ($) $ in Millions,Net income,https://www.sec.gov/Archives/edgar/data/1652044/000165204426000018/R5.htm,cec422360f77a95d,1000000.0
net_income@FY2025,matched,132170000000.0,132170000000.0,CONSOLIDATED STATEMENTS OF INCOME - USD ($) $ in Millions,Net income,https://www.sec.gov/Archives/edgar/data/1652044/000165204426000018/R5.htm,cec422360f77a95d,1000000.0
net_income_to_common@FY2021,not-checked,,,,,,,
net_income_to_common@FY2022,matched-in-notes,59972000000.0,59972000000.0,"Net Income Per Share - Schedule of Earnings Per Share (Details) - USD ($) $ / shares in Units, shares in Millions, $ in Millions",Net income,https://www.sec.gov/Archives/edgar/data/1652044/000165204425000014/R80.htm,0e1df35c8875a907,1000000.0
net_income_to_common@FY2023,matched-in-notes,73795000000.0,73795000000.0,"Net Income Per Share - Schedule of Earnings Per Share (Details) - USD ($) $ / shares in Units, shares in Millions, $ in Millions",Net income,https://www.sec.gov/Archives/edgar/data/1652044/000165204426000018/R80.htm,7f4e2cf53286cbfb,1000000.0
net_income_to_common@FY2024,matched-in-notes,100118000000.0,100118000000.0,"Net Income Per Share - Schedule of Earnings Per Share (Details) - USD ($) $ / shares in Units, shares in Millions, $ in Millions",Net income,https://www.sec.gov/Archives/edgar/data/1652044/000165204426000018/R80.htm,7f4e2cf53286cbfb,1000000.0
net_income_to_common@FY2025,matched-in-notes,132170000000.0,132170000000.0,"Net Income Per Share - Schedule of Earnings Per Share (Details) - USD ($) $ / shares in Units, shares in Millions, $ in Millions",Net income,https://www.sec.gov/Archives/edgar/data/1652044/000165204426000018/R80.htm,7f4e2cf53286cbfb,1000000.0
nonoperating_income@FY2021,matched,12020000000.0,12020000000.0,CONSOLIDATED STATEMENTS OF INCOME - USD ($) $ in Millions,"Other income (expense), net",https://www.sec.gov/Archives/edgar/data/1652044/000165204424000022/R5.htm,bc4fd4a08d3cb7c6,1000000.0
nonoperating_income@FY2022,matched,-3514000000.0,-3514000000.0,CONSOLIDATED STATEMENTS OF INCOME - USD ($) $ in Millions,"Other income (expense), net",https://www.sec.gov/Archives/edgar/data/1652044/000165204425000014/R5.htm,2ca608fce234eb08,1000000.0
nonoperating_income@FY2023,matched,1424000000.0,1424000000.0,CONSOLIDATED STATEMENTS OF INCOME - USD ($) $ in Millions,"Other income (expense), net",https://www.sec.gov/Archives/edgar/data/1652044/000165204426000018/R5.htm,cec422360f77a95d,1000000.0
nonoperating_income@FY2024,matched,7425000000.0,7425000000.0,CONSOLIDATED STATEMENTS OF INCOME - USD ($) $ in Millions,"Other income (expense), net",https://www.sec.gov/Archives/edgar/data/1652044/000165204426000018/R5.htm,cec422360f77a95d,1000000.0
nonoperating_income@FY2025,matched,29787000000.0,29787000000.0,CONSOLIDATED STATEMENTS OF INCOME - USD ($) $ in Millions,"Other income (expense), net",https://www.sec.gov/Archives/edgar/data/1652044/000165204426000018/R5.htm,cec422360f77a95d,1000000.0
operating_income@FY2021,matched,78714000000.0,78714000000.0,CONSOLIDATED STATEMENTS OF INCOME - USD ($) $ in Millions,Income from operations,https://www.sec.gov/Archives/edgar/data/1652044/000165204424000022/R5.htm,bc4fd4a08d3cb7c6,1000000.0
operating_income@FY2022,matched,74842000000.0,74842000000.0,CONSOLIDATED STATEMENTS OF INCOME - USD ($) $ in Millions,Income from operations,https://www.sec.gov/Archives/edgar/data/1652044/000165204425000014/R5.htm,2ca608fce234eb08,1000000.0
operating_income@FY2023,matched,84293000000.0,84293000000.0,CONSOLIDATED STATEMENTS OF INCOME - USD ($) $ in Millions,Income from operations,https://www.sec.gov/Archives/edgar/data/1652044/000165204426000018/R5.htm,cec422360f77a95d,1000000.0
operating_income@FY2024,matched,112390000000.0,112390000000.0,CONSOLIDATED STATEMENTS OF INCOME - USD ($) $ in Millions,Income from operations,https://www.sec.gov/Archives/edgar/data/1652044/000165204426000018/R5.htm,cec422360f77a95d,1000000.0
operating_income@FY2025,matched,129039000000.0,129039000000.0,CONSOLIDATED STATEMENTS OF INCOME - USD ($) $ in Millions,Income from operations,https://www.sec.gov/Archives/edgar/data/1652044/000165204426000018/R5.htm,cec422360f77a95d,1000000.0
operating_lease_liability@FY2021,from-notes,13578000000.0,,,,,,
operating_lease_liability@FY2022,from-notes,14978000000.0,,,,,,
operating_lease_liability@FY2023,matched-in-notes,15251000000.0,15251000000.0,Leases - Supplemental Balance Sheet Information (Details) - USD ($) $ in Millions,Total operating lease liabilities,https://www.sec.gov/Archives/edgar/data/1652044/000165204425000014/R61.htm,843eba7d4c67c7d3,1000000.0
operating_lease_liability@FY2024,matched-in-notes,14578000000.0,14578000000.0,Leases - Supplemental Balance Sheet Information (Details) - USD ($) $ in Millions,Total operating lease liabilities,https://www.sec.gov/Archives/edgar/data/1652044/000165204426000018/R61.htm,a1a4063a431b7a3a,1000000.0
operating_lease_liability@FY2025,matched-in-notes,15954000000.0,15954000000.0,Leases - Supplemental Balance Sheet Information (Details) - USD ($) $ in Millions,Total operating lease liabilities,https://www.sec.gov/Archives/edgar/data/1652044/000165204426000018/R61.htm,a1a4063a431b7a3a,1000000.0
other_lt_investments@FY2021,matched,29549000000.0,29549000000.0,CONSOLIDATED BALANCE SHEETS - USD ($) $ in Millions,Non-marketable securities,https://www.sec.gov/Archives/edgar/data/1652044/000165204423000016/R3.htm,da4256b3303c585e,1000000.0
other_lt_investments@FY2022,matched,30492000000.0,30492000000.0,CONSOLIDATED BALANCE SHEETS - USD ($) $ in Millions,Non-marketable securities,https://www.sec.gov/Archives/edgar/data/1652044/000165204424000022/R3.htm,8fd05f600ea1912a,1000000.0
other_lt_investments@FY2023,matched,31008000000.0,31008000000.0,CONSOLIDATED BALANCE SHEETS - USD ($) $ in Millions,Non-marketable securities,https://www.sec.gov/Archives/edgar/data/1652044/000165204425000014/R3.htm,28f1932883235eb7,1000000.0
other_lt_investments@FY2024,matched,37982000000.0,37982000000.0,CONSOLIDATED BALANCE SHEETS - USD ($) $ in Millions,Non-marketable securities,https://www.sec.gov/Archives/edgar/data/1652044/000165204426000018/R3.htm,b781ceed3ccadc6b,1000000.0
other_lt_investments@FY2025,matched,68687000000.0,68687000000.0,CONSOLIDATED BALANCE SHEETS - USD ($) $ in Millions,Non-marketable securities,https://www.sec.gov/Archives/edgar/data/1652044/000165204426000018/R3.htm,b781ceed3ccadc6b,1000000.0
preferred_dividends@FY2021,not-checked,,,,,,,
preferred_dividends@FY2022,not-checked,,,,,,,
preferred_dividends@FY2023,not-checked,,,,,,,
preferred_dividends@FY2024,not-checked,,,,,,,
preferred_dividends@FY2025,not-checked,,,,,,,
preferred_equity@FY2021,matched,0.0,0.0,CONSOLIDATED BALANCE SHEETS - USD ($) $ in Millions,"Preferred stock, $0.001 par value per share, 100 shares authorized; no shares issued and outstanding",https://www.sec.gov/Archives/edgar/data/1652044/000165204423000016/R3.htm,da4256b3303c585e,1000000.0
preferred_equity@FY2022,matched,0.0,0.0,CONSOLIDATED BALANCE SHEETS - USD ($) $ in Millions,"Preferred stock, $0.001 par value per share, 100 shares authorized; no shares issued and outstanding",https://www.sec.gov/Archives/edgar/data/1652044/000165204424000022/R3.htm,8fd05f600ea1912a,1000000.0
preferred_equity@FY2023,matched,0.0,0.0,CONSOLIDATED BALANCE SHEETS - USD ($) $ in Millions,"Preferred stock, $0.001 par value per share, 100 shares authorized; no shares issued and outstanding",https://www.sec.gov/Archives/edgar/data/1652044/000165204425000014/R3.htm,28f1932883235eb7,1000000.0
preferred_equity@FY2024,matched,0.0,0.0,CONSOLIDATED BALANCE SHEETS - USD ($) $ in Millions,"Preferred stock, $0.001 par value per share, 100 shares authorized; no shares issued and outstanding",https://www.sec.gov/Archives/edgar/data/1652044/000165204426000018/R3.htm,b781ceed3ccadc6b,1000000.0
preferred_equity@FY2025,matched,0.0,0.0,CONSOLIDATED BALANCE SHEETS - USD ($) $ in Millions,"Preferred stock, $0.001 par value per share, 100 shares authorized; no shares issued and outstanding",https://www.sec.gov/Archives/edgar/data/1652044/000165204426000018/R3.htm,b781ceed3ccadc6b,1000000.0
pretax_income@FY2021,matched,90734000000.0,90734000000.0,CONSOLIDATED STATEMENTS OF INCOME - USD ($) $ in Millions,Total,https://www.sec.gov/Archives/edgar/data/1652044/000165204424000022/R5.htm,bc4fd4a08d3cb7c6,1000000.0
pretax_income@FY2022,matched,71328000000.0,71328000000.0,CONSOLIDATED STATEMENTS OF INCOME - USD ($) $ in Millions,Income before income taxes,https://www.sec.gov/Archives/edgar/data/1652044/000165204425000014/R5.htm,2ca608fce234eb08,1000000.0
pretax_income@FY2023,matched,85717000000.0,85717000000.0,CONSOLIDATED STATEMENTS OF INCOME - USD ($) $ in Millions,Income before income taxes,https://www.sec.gov/Archives/edgar/data/1652044/000165204426000018/R5.htm,cec422360f77a95d,1000000.0
pretax_income@FY2024,matched,119815000000.0,119815000000.0,CONSOLIDATED STATEMENTS OF INCOME - USD ($) $ in Millions,Income before income taxes,https://www.sec.gov/Archives/edgar/data/1652044/000165204426000018/R5.htm,cec422360f77a95d,1000000.0
pretax_income@FY2025,matched,158826000000.0,158826000000.0,CONSOLIDATED STATEMENTS OF INCOME - USD ($) $ in Millions,Income before income taxes,https://www.sec.gov/Archives/edgar/data/1652044/000165204426000018/R5.htm,cec422360f77a95d,1000000.0
revenue@FY2021,matched,257637000000.0,257637000000.0,CONSOLIDATED STATEMENTS OF INCOME - USD ($) $ in Millions,Revenues,https://www.sec.gov/Archives/edgar/data/1652044/000165204422000019/R5.htm,33af2ecc4969a7ca,1000000.0
revenue@FY2022,matched,282836000000.0,282836000000.0,CONSOLIDATED STATEMENTS OF INCOME - USD ($) $ in Millions,Revenues,https://www.sec.gov/Archives/edgar/data/1652044/000165204425000014/R5.htm,2ca608fce234eb08,1000000.0
revenue@FY2023,matched,307394000000.0,307394000000.0,CONSOLIDATED STATEMENTS OF INCOME - USD ($) $ in Millions,Revenues,https://www.sec.gov/Archives/edgar/data/1652044/000165204426000018/R5.htm,cec422360f77a95d,1000000.0
revenue@FY2024,matched,350018000000.0,350018000000.0,CONSOLIDATED STATEMENTS OF INCOME - USD ($) $ in Millions,Revenues,https://www.sec.gov/Archives/edgar/data/1652044/000165204426000018/R5.htm,cec422360f77a95d,1000000.0
revenue@FY2025,matched,402836000000.0,402836000000.0,CONSOLIDATED STATEMENTS OF INCOME - USD ($) $ in Millions,Revenues,https://www.sec.gov/Archives/edgar/data/1652044/000165204426000018/R5.htm,cec422360f77a95d,1000000.0
rnd@FY2021,matched,31562000000.0,31562000000.0,CONSOLIDATED STATEMENTS OF INCOME - USD ($) $ in Millions,Research and development,https://www.sec.gov/Archives/edgar/data/1652044/000165204424000022/R5.htm,bc4fd4a08d3cb7c6,1000000.0
rnd@FY2022,matched,39500000000.0,39500000000.0,CONSOLIDATED STATEMENTS OF INCOME - USD ($) $ in Millions,Research and development,https://www.sec.gov/Archives/edgar/data/1652044/000165204425000014/R5.htm,2ca608fce234eb08,1000000.0
rnd@FY2023,matched,45427000000.0,45427000000.0,CONSOLIDATED STATEMENTS OF INCOME - USD ($) $ in Millions,Research and development,https://www.sec.gov/Archives/edgar/data/1652044/000165204426000018/R5.htm,cec422360f77a95d,1000000.0
rnd@FY2024,matched,49326000000.0,49326000000.0,CONSOLIDATED STATEMENTS OF INCOME - USD ($) $ in Millions,Research and development,https://www.sec.gov/Archives/edgar/data/1652044/000165204426000018/R5.htm,cec422360f77a95d,1000000.0
rnd@FY2025,matched,61087000000.0,61087000000.0,CONSOLIDATED STATEMENTS OF INCOME - USD ($) $ in Millions,Research and development,https://www.sec.gov/Archives/edgar/data/1652044/000165204426000018/R5.htm,cec422360f77a95d,1000000.0
sbc@FY2021,matched,15376000000.0,15376000000.0,CONSOLIDATED STATEMENTS OF CASH FLOWS - USD ($) $ in Millions,Stock-based compensation expense,https://www.sec.gov/Archives/edgar/data/1652044/000165204424000022/R9.htm,76dc04e03cef3236,1000000.0
sbc@FY2022,matched,19362000000.0,19362000000.0,CONSOLIDATED STATEMENTS OF CASH FLOWS - USD ($) $ in Millions,Stock-based compensation expense,https://www.sec.gov/Archives/edgar/data/1652044/000165204425000014/R9.htm,b8406f9d30cddb1e,1000000.0
sbc@FY2023,matched,22460000000.0,22460000000.0,CONSOLIDATED STATEMENTS OF CASH FLOWS - USD ($) $ in Millions,Stock-based compensation expense,https://www.sec.gov/Archives/edgar/data/1652044/000165204426000018/R10.htm,87ebac1b79309c4b,1000000.0
sbc@FY2024,matched,22785000000.0,22785000000.0,CONSOLIDATED STATEMENTS OF CASH FLOWS - USD ($) $ in Millions,Stock-based compensation expense,https://www.sec.gov/Archives/edgar/data/1652044/000165204426000018/R10.htm,87ebac1b79309c4b,1000000.0
sbc@FY2025,matched,24953000000.0,24953000000.0,CONSOLIDATED STATEMENTS OF CASH FLOWS - USD ($) $ in Millions,Stock-based compensation expense,https://www.sec.gov/Archives/edgar/data/1652044/000165204426000018/R10.htm,87ebac1b79309c4b,1000000.0
shares_basic@FY2021,not-checked,,,,,,,
shares_basic@FY2022,matched-in-notes,13063000000.0,13063000000.0,"Net Income Per Share - Schedule of Earnings Per Share (Details) - USD ($) $ / shares in Units, shares in Millions, $ in Millions",Number of shares used in per share computation (in shares),https://www.sec.gov/Archives/edgar/data/1652044/000165204425000014/R80.htm,0e1df35c8875a907,1000000.0
shares_basic@FY2023,matched-in-notes,12630000000.0,12630000000.0,"Net Income Per Share - Schedule of Earnings Per Share (Details) - USD ($) $ / shares in Units, shares in Millions, $ in Millions",Number of shares used in per share computation (in shares),https://www.sec.gov/Archives/edgar/data/1652044/000165204426000018/R80.htm,7f4e2cf53286cbfb,1000000.0
shares_basic@FY2024,matched-in-notes,12319000000.0,12319000000.0,"Net Income Per Share - Schedule of Earnings Per Share (Details) - USD ($) $ / shares in Units, shares in Millions, $ in Millions",Number of shares used in per share computation (in shares),https://www.sec.gov/Archives/edgar/data/1652044/000165204426000018/R80.htm,7f4e2cf53286cbfb,1000000.0
shares_basic@FY2025,matched-in-notes,12116000000.0,12116000000.0,"Net Income Per Share - Schedule of Earnings Per Share (Details) - USD ($) $ / shares in Units, shares in Millions, $ in Millions",Number of shares used in per share computation (in shares),https://www.sec.gov/Archives/edgar/data/1652044/000165204426000018/R80.htm,7f4e2cf53286cbfb,1000000.0
shares_diluted@FY2021,not-checked,,,,,,,
shares_diluted@FY2022,matched-in-notes,13159000000.0,13159000000.0,"Net Income Per Share - Schedule of Earnings Per Share (Details) - USD ($) $ / shares in Units, shares in Millions, $ in Millions",Number of shares used in per share computation (in shares),https://www.sec.gov/Archives/edgar/data/1652044/000165204425000014/R80.htm,0e1df35c8875a907,1000000.0
shares_diluted@FY2023,matched-in-notes,12722000000.0,12722000000.0,"Net Income Per Share - Schedule of Earnings Per Share (Details) - USD ($) $ / shares in Units, shares in Millions, $ in Millions",Number of shares used in per share computation (in shares),https://www.sec.gov/Archives/edgar/data/1652044/000165204426000018/R80.htm,7f4e2cf53286cbfb,1000000.0
shares_diluted@FY2024,matched-in-notes,12447000000.0,12447000000.0,"Net Income Per Share - Schedule of Earnings Per Share (Details) - USD ($) $ / shares in Units, shares in Millions, $ in Millions",Number of shares used in per share computation (in shares),https://www.sec.gov/Archives/edgar/data/1652044/000165204426000018/R80.htm,7f4e2cf53286cbfb,1000000.0
shares_diluted@FY2025,matched-in-notes,12230000000.0,12230000000.0,"Net Income Per Share - Schedule of Earnings Per Share (Details) - USD ($) $ / shares in Units, shares in Millions, $ in Millions",Number of shares used in per share computation (in shares),https://www.sec.gov/Archives/edgar/data/1652044/000165204426000018/R80.htm,7f4e2cf53286cbfb,1000000.0
shares_outstanding@FY2021,matched-in-notes,13242000000.0,13242000000.0,CONSOLIDATED BALANCE SHEETS (Parenthetical) - $ / shares,"Common stock and capital stock, shares outstanding (in shares)",https://www.sec.gov/Archives/edgar/data/1652044/000165204423000016/R4.htm,537f277596848851,1.0
shares_outstanding@FY2022,matched-in-notes,12849000000.0,12849000000.0,CONSOLIDATED BALANCE SHEETS (Parenthetical) - $ / shares,"Common stock and capital stock, shares outstanding (in shares)",https://www.sec.gov/Archives/edgar/data/1652044/000165204424000022/R4.htm,91f8a949aeb0f5f6,1.0
shares_outstanding@FY2023,matched-in-notes,12460000000.0,12460000000.0,CONSOLIDATED BALANCE SHEETS (Parenthetical) - $ / shares,"Common stock and capital stock, shares outstanding (in shares)",https://www.sec.gov/Archives/edgar/data/1652044/000165204425000014/R4.htm,a5b428aabd5eb600,1.0
shares_outstanding@FY2024,matched-in-notes,12211000000.0,12211000000.0,CONSOLIDATED BALANCE SHEETS (Parenthetical) - $ / shares,"Common stock and capital stock, shares outstanding (in shares)",https://www.sec.gov/Archives/edgar/data/1652044/000165204426000018/R4.htm,ca6310897e6ee665,1.0
shares_outstanding@FY2025,matched-in-notes,12088000000.0,12088000000.0,CONSOLIDATED BALANCE SHEETS (Parenthetical) - $ / shares,"Common stock and capital stock, shares outstanding (in shares)",https://www.sec.gov/Archives/edgar/data/1652044/000165204426000018/R4.htm,ca6310897e6ee665,1.0
st_investments@FY2021,matched,118704000000.0,118704000000.0,CONSOLIDATED BALANCE SHEETS - USD ($) $ in Millions,Marketable securities,https://www.sec.gov/Archives/edgar/data/1652044/000165204423000016/R3.htm,da4256b3303c585e,1000000.0
st_investments@FY2022,matched,91883000000.0,91883000000.0,CONSOLIDATED BALANCE SHEETS - USD ($) $ in Millions,Marketable securities,https://www.sec.gov/Archives/edgar/data/1652044/000165204424000022/R3.htm,8fd05f600ea1912a,1000000.0
st_investments@FY2023,matched,86868000000.0,86868000000.0,CONSOLIDATED BALANCE SHEETS - USD ($) $ in Millions,Marketable securities,https://www.sec.gov/Archives/edgar/data/1652044/000165204425000014/R3.htm,28f1932883235eb7,1000000.0
st_investments@FY2024,matched,72191000000.0,72191000000.0,CONSOLIDATED BALANCE SHEETS - USD ($) $ in Millions,Marketable securities,https://www.sec.gov/Archives/edgar/data/1652044/000165204426000018/R3.htm,b781ceed3ccadc6b,1000000.0
st_investments@FY2025,matched,96135000000.0,96135000000.0,CONSOLIDATED BALANCE SHEETS - USD ($) $ in Millions,Marketable securities,https://www.sec.gov/Archives/edgar/data/1652044/000165204426000018/R3.htm,b781ceed3ccadc6b,1000000.0
unvested_rsus@FY2021,not-checked,,,,,,,
unvested_rsus@FY2022,not-checked,,,,,,,
unvested_rsus@FY2023,not-checked,,,,,,,
unvested_rsus@FY2024,not-checked,,,,,,,
unvested_rsus@FY2025,not-checked,,,,,,,
